"Name","LocalImg","MatchType","CommonsTitle","CommonsUrl","Width","Height"
"India","_cotw-map-in-1.webp","search","File:India in its region (undisputed).svg","https://upload.wikimedia.org/wikipedia/commons/2/2c/India_in_its_region_%28undisputed%29.svg","728","409"
"China","_cotw-map-cn-1.webp","search","File:China in its region (undisputed).svg","https://upload.wikimedia.org/wikipedia/commons/f/fc/China_in_its_region_%28undisputed%29.svg","875","492"
"United States","_cotw-map-us-1.webp","exact","File:United States in its region.svg","https://upload.wikimedia.org/wikipedia/commons/9/91/United_States_in_its_region.svg","715","402"
"Indonesia","_cotw-map-id-1.webp","exact","File:Indonesia in its region.svg","https://upload.wikimedia.org/wikipedia/commons/7/72/Indonesia_in_its_region.svg","827","465"
"Pakistan","_cotw-map-pk-1.webp","search","File:Pakistan in its region (undisputed).svg","https://upload.wikimedia.org/wikipedia/commons/7/78/Pakistan_in_its_region_%28undisputed%29.svg","567","314"
"Nigeria","_cotw-map-ng-1.webp","exact","File:Nigeria in its region.svg","https://upload.wikimedia.org/wikipedia/commons/2/21/Nigeria_in_its_region.svg","696","443"
"Brazil","_cotw-map-br-1.webp","exact","File:Brazil in its region.svg","https://upload.wikimedia.org/wikipedia/commons/d/d1/Brazil_in_its_region.svg","882","496"
"Bangladesh","_cotw-map-bd-1.webp","exact","File:Bangladesh in its region.svg","https://upload.wikimedia.org/wikipedia/commons/b/ba/Bangladesh_in_its_region.svg","372","209"
"Russia","_cotw-map-ru-1.webp","exact","File:Russia in its region.svg","https://upload.wikimedia.org/wikipedia/commons/f/ff/Russia_in_its_region.svg","988","556"
"Ethiopia","_cotw-map-et-1.webp","exact","File:Ethiopia in its region.svg","https://upload.wikimedia.org/wikipedia/commons/c/c4/Ethiopia_in_its_region.svg","611","344"
"Mexico","_cotw-map-mx-1.webp","exact","File:Mexico in its region.svg","https://upload.wikimedia.org/wikipedia/commons/6/65/Mexico_in_its_region.svg","617","347"
"Japan","_cotw-map-jp-1.webp","search","File:Japan in its region (de-facto).svg","https://upload.wikimedia.org/wikipedia/commons/8/8b/Japan_in_its_region_%28de-facto%29.svg","581","321"
"Egypt","_cotw-map-eg-1.webp","search","File:Egypt in its region (undisputed).svg","https://upload.wikimedia.org/wikipedia/commons/7/72/Egypt_in_its_region_%28undisputed%29.svg","535","301"
"Philippines","_cotw-map-ph-1.webp","exact","File:Philippines in its region.svg","https://upload.wikimedia.org/wikipedia/commons/d/d2/Philippines_in_its_region.svg","510","282"
"DR Congo","_cotw-map-cd-1.webp","alias","File:Democratic Republic of the Congo in its region.svg","https://upload.wikimedia.org/wikipedia/commons/1/14/Democratic_Republic_of_the_Congo_in_its_region.svg","819","461"
"Vietnam","_cotw-map-vn-1.webp","exact","File:Vietnam in its region.svg","https://upload.wikimedia.org/wikipedia/commons/2/22/Vietnam_in_its_region.svg","621","344"
"Iran","_cotw-map-ir-1.webp","exact","File:Iran in its region.svg","https://upload.wikimedia.org/wikipedia/commons/9/91/Iran_in_its_region.svg","599","337"
"Turkey","_cotw-map-tr-1.webp","exact","File:Turkey in its region.svg","https://upload.wikimedia.org/wikipedia/commons/3/30/Turkey_in_its_region.svg","469","260"
"Germany","_cotw-map-de-1.webp","exact","File:Germany in its region.svg","https://upload.wikimedia.org/wikipedia/commons/8/87/Germany_in_its_region.svg","396","223"
"Thailand","_cotw-map-th-1.webp","exact","File:Thailand in its region.svg","https://upload.wikimedia.org/wikipedia/commons/f/f4/Thailand_in_its_region.svg","621","344"
"Tanzania","_cotw-map-tz-1.webp","exact","File:Tanzania in its region.svg","https://upload.wikimedia.org/wikipedia/commons/5/5b/Tanzania_in_its_region.svg","618","348"
"United Kingdom","_cotw-map-gb-1.webp","exact","File:United Kingdom in its region.svg","https://upload.wikimedia.org/wikipedia/commons/d/df/United_Kingdom_in_its_region.svg","396","223"
"France","_cotw-map-fr-1.webp","exact","File:France in its region.svg","https://upload.wikimedia.org/wikipedia/commons/4/42/France_in_its_region.svg","396","223"
"South Africa","_cotw-map-za-1.webp","exact","File:South Africa in its region.svg","https://upload.wikimedia.org/wikipedia/commons/5/53/South_Africa_in_its_region.svg","481","305"
"Italy","_cotw-map-it-1.webp","exact","File:Italy in its region.svg","https://upload.wikimedia.org/wikipedia/commons/3/31/Italy_in_its_region.svg","396","223"
"Kenya","_cotw-map-ke-1.webp","search","File:Kenya in its region (undisputed).svg","https://upload.wikimedia.org/wikipedia/commons/0/0c/Kenya_in_its_region_%28undisputed%29.svg","580","327"
"Myanmar","_cotw-map-mm-1.webp","exact","File:Myanmar in its region.svg","https://upload.wikimedia.org/wikipedia/commons/8/88/Myanmar_in_its_region.svg","686","379"
"Colombia","_cotw-map-co-1.webp","exact","File:Colombia in its region.svg","https://upload.wikimedia.org/wikipedia/commons/b/b6/Colombia_in_its_region.svg","882","496"
"South Korea","_cotw-map-kr-1.webp","exact","File:South Korea in its region.svg","https://upload.wikimedia.org/wikipedia/commons/e/ea/South_Korea_in_its_region.svg","542","300"
"Sudan","_cotw-map-sd-1.webp","search","File:Sudan in its region (undisputed).svg","https://upload.wikimedia.org/wikipedia/commons/9/97/Sudan_in_its_region_%28undisputed%29.svg","619","393"
"Uganda","_cotw-map-ug-1.webp","exact","File:Uganda in its region.svg","https://upload.wikimedia.org/wikipedia/commons/6/6c/Uganda_in_its_region.svg","542","305"
"Spain","_cotw-map-es-1.webp","search","File:Spain in its region (whole).svg","https://upload.wikimedia.org/wikipedia/commons/a/aa/Spain_in_its_region_%28whole%29.svg","396","223"
"Algeria","_cotw-map-dz-1.webp","exact","File:Algeria in its region.svg","https://upload.wikimedia.org/wikipedia/commons/4/4e/Algeria_in_its_region.svg","663","373"
"Iraq","_cotw-map-iq-1.webp","exact","File:Iraq in its region.svg","https://upload.wikimedia.org/wikipedia/commons/3/36/Iraq_in_its_region.svg","571","321"
"Argentina","_cotw-map-ar-1.webp","search","File:Argentina in its region (de-facto).svg","https://upload.wikimedia.org/wikipedia/commons/b/bb/Argentina_in_its_region_%28de-facto%29.svg","912","513"
"Afghanistan","_cotw-map-af-1.webp","exact","File:Afghanistan in its region.svg","https://upload.wikimedia.org/wikipedia/commons/9/99/Afghanistan_in_its_region.svg","490","276"
"Yemen","_cotw-map-ye-1.webp","exact","File:Yemen in its region.svg","https://upload.wikimedia.org/wikipedia/commons/b/b5/Yemen_in_its_region.svg","574","317"
"Canada","_cotw-map-ca-1.webp","exact","File:Canada in its region.svg","https://upload.wikimedia.org/wikipedia/commons/c/c6/Canada_in_its_region.svg","1116","628"
"Angola","_cotw-map-ao-1.webp","exact","File:Angola in its region.svg","https://upload.wikimedia.org/wikipedia/commons/0/01/Angola_in_its_region.svg","535","301"
"Ukraine","_cotw-map-ua-1.webp","exact","File:Ukraine in its region.svg","https://upload.wikimedia.org/wikipedia/commons/7/71/Ukraine_in_its_region.svg","510","287"
"Morocco","_cotw-map-ma-1.webp","search","File:Morocco in its region (undisputed).svg","https://upload.wikimedia.org/wikipedia/commons/c/c5/Morocco_in_its_region_%28undisputed%29.svg","620","394"
"Poland","_cotw-map-pl-1.webp","exact","File:Poland in its region.svg","https://upload.wikimedia.org/wikipedia/commons/4/49/Poland_in_its_region.svg","396","223"
"Uzbekistan","_cotw-map-uz-1.webp","exact","File:Uzbekistan in its region.svg","https://upload.wikimedia.org/wikipedia/commons/1/1d/Uzbekistan_in_its_region.svg","469","260"
"Malaysia","_cotw-map-my-1.webp","exact","File:Malaysia in its region.svg","https://upload.wikimedia.org/wikipedia/commons/5/5b/Malaysia_in_its_region.svg","490","271"
"Mozambique","_cotw-map-mz-1.webp","exact","File:Mozambique in its region.svg","https://upload.wikimedia.org/wikipedia/commons/9/93/Mozambique_in_its_region.svg","620","394"
"Ghana","_cotw-map-gh-1.webp","exact","File:Ghana in its region.svg","https://upload.wikimedia.org/wikipedia/commons/c/c5/Ghana_in_its_region.svg","443","249"
"Peru","_cotw-map-pe-1.webp","exact","File:Peru in its region.svg","https://upload.wikimedia.org/wikipedia/commons/b/b1/Peru_in_its_region.svg","882","496"
"Saudi Arabia","_cotw-map-sa-1.webp","exact","File:Saudi Arabia in its region.svg","https://upload.wikimedia.org/wikipedia/commons/7/79/Saudi_Arabia_in_its_region.svg","574","317"
"Madagascar","_cotw-map-mg-1.webp","exact","File:Madagascar in its region.svg","https://upload.wikimedia.org/wikipedia/commons/f/f5/Madagascar_in_its_region.svg","603","339"
"Ivory Coast","_cotw-map-ci-1.webp","search","File:Cote d Ivoire in its region.svg","https://upload.wikimedia.org/wikipedia/commons/f/f3/Cote_d_Ivoire_in_its_region.svg","494","278"
"Cameroon","_cotw-map-cm-1.webp","exact","File:Cameroon in its region.svg","https://upload.wikimedia.org/wikipedia/commons/c/cb/Cameroon_in_its_region.svg","490","276"
"Nepal","_cotw-map-np-1.webp","exact","File:Nepal in its region.svg","https://upload.wikimedia.org/wikipedia/commons/7/7e/Nepal_in_its_region.svg","490","271"
"Venezuela","_cotw-map-ve-1.webp","exact","File:Venezuela in its region.svg","https://upload.wikimedia.org/wikipedia/commons/8/89/Venezuela_in_its_region.svg","882","496"
"Niger","_cotw-map-ne-1.webp","exact","File:Niger in its region.svg","https://upload.wikimedia.org/wikipedia/commons/a/a7/Niger_in_its_region.svg","696","443"
"Australia","_cotw-map-au-1.webp","exact","File:Australia in its region.svg","https://upload.wikimedia.org/wikipedia/commons/8/8c/Australia_in_its_region.svg","3703","2083"
"North Korea","_cotw-map-kp-1.webp","exact","File:North Korea in its region.svg","https://upload.wikimedia.org/wikipedia/commons/5/5e/North_Korea_in_its_region.svg","542","300"
"Syria","_cotw-map-sy-1.webp","search","File:Syria in its region (de-facto).svg","https://upload.wikimedia.org/wikipedia/commons/1/18/Syria_in_its_region_%28de-facto%29.svg","345","191"
"Mali","_cotw-map-ml-1.webp","exact","File:Mali in its region.svg","https://upload.wikimedia.org/wikipedia/commons/8/81/Mali_in_its_region.svg","620","394"
"Burkina Faso","_cotw-map-bf-1.webp","exact","File:Burkina Faso in its region.svg","https://upload.wikimedia.org/wikipedia/commons/0/03/Burkina_Faso_in_its_region.svg","515","290"
"Sri Lanka","_cotw-map-lk-1.webp","exact","File:Sri Lanka in its region.svg","https://upload.wikimedia.org/wikipedia/commons/7/74/Sri_Lanka_in_its_region.svg","450","249"
"Taiwan","_cotw-map-tw-1.webp","exact","File:Taiwan in its region.svg","https://upload.wikimedia.org/wikipedia/commons/0/0c/Taiwan_in_its_region.svg","421","233"
"Malawi","_cotw-map-mw-1.webp","exact","File:Malawi in its region.svg","https://upload.wikimedia.org/wikipedia/commons/9/91/Malawi_in_its_region.svg","533","339"
"Zambia","_cotw-map-zm-1.webp","exact","File:Zambia in its region.svg","https://upload.wikimedia.org/wikipedia/commons/e/e4/Zambia_in_its_region.svg","584","329"
"Chad","_cotw-map-td-1.webp","exact","File:Chad in its region.svg","https://upload.wikimedia.org/wikipedia/commons/6/61/Chad_in_its_region.svg","646","364"
"Kazakhstan","_cotw-map-kz-1.webp","exact","File:Kazakhstan in its region.svg","https://upload.wikimedia.org/wikipedia/commons/f/ff/Kazakhstan_in_its_region.svg","689","387"
"Chile","_cotw-map-cl-1.webp","exact","File:Chile in its region.svg","https://upload.wikimedia.org/wikipedia/commons/f/fb/Chile_in_its_region.svg","882","496"
"Somalia","_cotw-map-so-1.webp","search","File:Somalia in its region (de-facto).svg","https://upload.wikimedia.org/wikipedia/commons/f/f1/Somalia_in_its_region_%28de-facto%29.svg","481","305"
"Senegal","_cotw-map-sn-1.webp","exact","File:Senegal in its region.svg","https://upload.wikimedia.org/wikipedia/commons/0/0c/Senegal_in_its_region.svg","445","283"
"Romania","_cotw-map-ro-1.webp","exact","File:Romania in its region.svg","https://upload.wikimedia.org/wikipedia/commons/b/b8/Romania_in_its_region.svg","396","223"
"Guatemala","_cotw-map-gt-1.webp","exact","File:Guatemala in its region.svg","https://upload.wikimedia.org/wikipedia/commons/b/bc/Guatemala_in_its_region.svg","472","265"
"Netherlands","_cotw-map-nl-1.webp","exact","File:Netherlands in its region.svg","https://upload.wikimedia.org/wikipedia/commons/b/b6/Netherlands_in_its_region.svg","396","223"
"Ecuador","_cotw-map-ec-1.webp","exact","File:Ecuador in its region.svg","https://upload.wikimedia.org/wikipedia/commons/b/b9/Ecuador_in_its_region.svg","882","496"
"Cambodia","_cotw-map-kh-1.webp","exact","File:Cambodia in its region.svg","https://upload.wikimedia.org/wikipedia/commons/9/9b/Cambodia_in_its_region.svg","472","265"
"Zimbabwe","_cotw-map-zw-1.webp","exact","File:Zimbabwe in its region.svg","https://upload.wikimedia.org/wikipedia/commons/6/64/Zimbabwe_in_its_region.svg","584","329"
"Guinea","_cotw-map-gn-1.webp","exact","File:Guinea in its region.svg","https://upload.wikimedia.org/wikipedia/commons/3/33/Guinea_in_its_region.svg","443","249"
"Benin","_cotw-map-bj-1.webp","exact","File:Benin in its region.svg","https://upload.wikimedia.org/wikipedia/commons/d/dd/Benin_in_its_region.svg","515","290"
"Rwanda","_cotw-map-rw-1.webp","exact","File:Rwanda in its region.svg","https://upload.wikimedia.org/wikipedia/commons/7/77/Rwanda_in_its_region.svg","447","252"
"Burundi","_cotw-map-bi-1.webp","exact","File:Burundi in its region.svg","https://upload.wikimedia.org/wikipedia/commons/f/f5/Burundi_in_its_region.svg","367","207"
"Bolivia","_cotw-map-bo-1.webp","exact","File:Bolivia in its region.svg","https://upload.wikimedia.org/wikipedia/commons/6/6d/Bolivia_in_its_region.svg","658","370"
"Tunisia","_cotw-map-tn-1.webp","exact","File:Tunisia in its region.svg","https://upload.wikimedia.org/wikipedia/commons/1/1d/Tunisia_in_its_region.svg","480","270"
"South Sudan","_cotw-map-ss-1.webp","search","File:South Sudan in its region (undisputed).svg","https://upload.wikimedia.org/wikipedia/commons/8/8f/South_Sudan_in_its_region_%28undisputed%29.svg","619","393"
"Haiti","_cotw-map-ht-1.webp","exact","File:Haiti in its region.svg","https://upload.wikimedia.org/wikipedia/commons/0/0f/Haiti_in_its_region.svg","351","197"
"Belgium","_cotw-map-be-1.webp","exact","File:Belgium in its region.svg","https://upload.wikimedia.org/wikipedia/commons/7/7c/Belgium_in_its_region.svg","396","223"
"Jordan","_cotw-map-jo-1.webp","exact","File:Jordan in its region.svg","https://upload.wikimedia.org/wikipedia/commons/b/bd/Jordan_in_its_region.svg","345","191"
"Dominican Republic","_cotw-map-do-1.webp","exact","File:Dominican Republic in its region.svg","https://upload.wikimedia.org/wikipedia/commons/7/77/Dominican_Republic_in_its_region.svg","351","197"
"United Arab Emirates","_cotw-map-ae-1.webp","exact","File:United Arab Emirates in its region.svg","https://upload.wikimedia.org/wikipedia/commons/2/2e/United_Arab_Emirates_in_its_region.svg","471","260"
"Honduras","_cotw-map-hn-1.webp","exact","File:Honduras in its region.svg","https://upload.wikimedia.org/wikipedia/commons/6/69/Honduras_in_its_region.svg","472","265"
"Cuba","_cotw-map-cu-1.webp","exact","File:Cuba in its region.svg","https://upload.wikimedia.org/wikipedia/commons/6/67/Cuba_in_its_region.svg","351","197"
"Tajikistan","_cotw-map-tj-1.webp","exact","File:Tajikistan in its region.svg","https://upload.wikimedia.org/wikipedia/commons/2/2e/Tajikistan_in_its_region.svg","421","233"
"Papua New Guinea","_cotw-map-pg-1.webp","exact","File:Papua New Guinea in its region.svg","https://upload.wikimedia.org/wikipedia/commons/c/c7/Papua_New_Guinea_in_its_region.svg","2053","1155"
"Sweden","_cotw-map-se-1.webp","exact","File:Sweden in its region.svg","https://upload.wikimedia.org/wikipedia/commons/b/b6/Sweden_in_its_region.svg","396","223"
"Czechia","_cotw-map-cz-1.webp","search","File:Czech Republic in its region.svg","https://upload.wikimedia.org/wikipedia/commons/a/a7/Czech_Republic_in_its_region.svg","396","223"
"Portugal","_cotw-map-pt-1.webp","search","File:Portugal in its region (whole).svg","https://upload.wikimedia.org/wikipedia/commons/3/3b/Portugal_in_its_region_%28whole%29.svg","396","223"
"Azerbaijan","_cotw-map-az-1.webp","exact","File:Azerbaijan in its region.svg","https://upload.wikimedia.org/wikipedia/commons/1/1a/Azerbaijan_in_its_region.svg","409","230"
"Greece","_cotw-map-gr-1.webp","exact","File:Greece in its region.svg","https://upload.wikimedia.org/wikipedia/commons/b/b8/Greece_in_its_region.svg","396","223"
"Togo","_cotw-map-tg-1.webp","exact","File:Togo in its region.svg","https://upload.wikimedia.org/wikipedia/commons/0/0b/Togo_in_its_region.svg","480","270"
"Hungary","_cotw-map-hu-1.webp","exact","File:Hungary in its region.svg","https://upload.wikimedia.org/wikipedia/commons/d/d6/Hungary_in_its_region.svg","396","223"
"Israel","_cotw-map-il-1.webp","search","File:Israel in its region (de-facto).svg","https://upload.wikimedia.org/wikipedia/commons/0/01/Israel_in_its_region_%28de-facto%29.svg","251","141"
"Austria","_cotw-map-at-1.webp","exact","File:Austria in its region.svg","https://upload.wikimedia.org/wikipedia/commons/6/68/Austria_in_its_region.svg","396","223"
"Belarus","_cotw-map-by-1.webp","exact","File:Belarus in its region.svg","https://upload.wikimedia.org/wikipedia/commons/5/5a/Belarus_in_its_region.svg","436","245"
"Switzerland","_cotw-map-ch-1.webp","exact","File:Switzerland in its region.svg","https://upload.wikimedia.org/wikipedia/commons/f/fa/Switzerland_in_its_region.svg","289","163"
"Sierra Leone","_cotw-map-sl-1.webp","exact","File:Sierra Leone in its region.svg","https://upload.wikimedia.org/wikipedia/commons/e/e5/Sierra_Leone_in_its_region.svg","393","249"
"Laos","_cotw-map-la-1.webp","exact","File:Laos in its region.svg","https://upload.wikimedia.org/wikipedia/commons/7/70/Laos_in_its_region.svg","490","271"
"Turkmenistan","_cotw-map-tm-1.webp","exact","File:Turkmenistan in its region.svg","https://upload.wikimedia.org/wikipedia/commons/5/59/Turkmenistan_in_its_region.svg","469","260"
"Libya","_cotw-map-ly-1.webp","exact","File:Libya in its region.svg","https://upload.wikimedia.org/wikipedia/commons/7/73/Libya_in_its_region.svg","641","361"
"Hong Kong","_cotw-map-hk-1.webp","exact","File:Hong Kong in its region.svg","https://upload.wikimedia.org/wikipedia/commons/c/c5/Hong_Kong_in_its_region.svg","406","225"
"Kyrgyzstan","_cotw-map-kg-1.webp","exact","File:Kyrgyzstan in its region.svg","https://upload.wikimedia.org/wikipedia/commons/9/92/Kyrgyzstan_in_its_region.svg","413","228"
"Paraguay","_cotw-map-py-1.webp","exact","File:Paraguay in its region.svg","https://upload.wikimedia.org/wikipedia/commons/f/f2/Paraguay_in_its_region.svg","882","496"
"Nicaragua","_cotw-map-ni-1.webp","exact","File:Nicaragua in its region.svg","https://upload.wikimedia.org/wikipedia/commons/1/19/Nicaragua_in_its_region.svg","472","265"
"Bulgaria","_cotw-map-bg-1.webp","exact","File:Bulgaria in its region.svg","https://upload.wikimedia.org/wikipedia/commons/b/b6/Bulgaria_in_its_region.svg","396","223"
"Serbia","_cotw-map-rs-1.webp","search","File:Serbia in its region (de-facto).svg","https://upload.wikimedia.org/wikipedia/commons/d/d9/Serbia_in_its_region_%28de-facto%29.svg","289","163"
"Republic of the Congo","_cotw-map-cg-1.webp","exact","File:Republic of the Congo in its region.svg","https://upload.wikimedia.org/wikipedia/commons/a/a4/Republic_of_the_Congo_in_its_region.svg","696","443"
"El Salvador","_cotw-map-sv-1.webp","exact","File:El Salvador in its region.svg","https://upload.wikimedia.org/wikipedia/commons/f/fa/El_Salvador_in_its_region.svg","472","265"
"Denmark","_cotw-map-dk-1.webp","exact","File:Denmark in its region.svg","https://upload.wikimedia.org/wikipedia/commons/9/9e/Denmark_in_its_region.svg","396","223"
"Singapore","_cotw-map-sg-1.webp","exact","File:Singapore in its region.svg","https://upload.wikimedia.org/wikipedia/commons/b/bf/Singapore_in_its_region.svg","210","116"
"Lebanon","_cotw-map-lb-1.webp","exact","File:Lebanon in its region.svg","https://upload.wikimedia.org/wikipedia/commons/7/7c/Lebanon_in_its_region.svg","323","179"
"Liberia","_cotw-map-lr-1.webp","exact","File:Liberia in its region.svg","https://upload.wikimedia.org/wikipedia/commons/d/d0/Liberia_in_its_region.svg","470","264"
"Finland","_cotw-map-fi-1.webp","exact","File:Finland in its region.svg","https://upload.wikimedia.org/wikipedia/commons/a/ad/Finland_in_its_region.svg","396","223"
"Norway","_cotw-map-no-1.webp","exact","File:Norway in its region.svg","https://upload.wikimedia.org/wikipedia/commons/1/1c/Norway_in_its_region.svg","574","323"
"Palestine","_cotw-map-ps-1.webp","exact","File:Palestine in its region.svg","https://upload.wikimedia.org/wikipedia/commons/2/27/Palestine_in_its_region.svg","251","141"
"Central African Republic","_cotw-map-cf-1.webp","exact","File:Central African Republic in its region.svg","https://upload.wikimedia.org/wikipedia/commons/b/ba/Central_African_Republic_in_its_region.svg","490","276"
"Oman","_cotw-map-om-1.webp","exact","File:Oman in its region.svg","https://upload.wikimedia.org/wikipedia/commons/5/5a/Oman_in_its_region.svg","519","287"
"Slovakia","_cotw-map-sk-1.webp","exact","File:Slovakia in its region.svg","https://upload.wikimedia.org/wikipedia/commons/0/08/Slovakia_in_its_region.svg","396","223"
"Mauritania","_cotw-map-mr-1.webp","exact","File:Mauritania in its region.svg","https://upload.wikimedia.org/wikipedia/commons/f/f1/Mauritania_in_its_region.svg","620","394"
"Ireland","_cotw-map-ie-1.webp","exact","File:Ireland in its region.svg","https://upload.wikimedia.org/wikipedia/commons/0/01/Ireland_in_its_region.svg","396","223"
"New Zealand","_cotw-map-nz-1.webp","exact","File:New Zealand in its region.svg","https://upload.wikimedia.org/wikipedia/commons/a/ae/New_Zealand_in_its_region.svg","3077","1731"
"Costa Rica","_cotw-map-cr-1.webp","exact","File:Costa Rica in its region.svg","https://upload.wikimedia.org/wikipedia/commons/f/fa/Costa_Rica_in_its_region.svg","472","265"
"Kuwait","_cotw-map-kw-1.webp","exact","File:Kuwait in its region.svg","https://upload.wikimedia.org/wikipedia/commons/a/ad/Kuwait_in_its_region.svg","249","138"
"Panama","_cotw-map-pa-1.webp","exact","File:Panama in its region.svg","https://upload.wikimedia.org/wikipedia/commons/9/9c/Panama_in_its_region.svg","472","265"
"Croatia","_cotw-map-hr-1.webp","exact","File:Croatia in its region.svg","https://upload.wikimedia.org/wikipedia/commons/7/77/Croatia_in_its_region.svg","289","163"
"Georgia","_cotw-map-ge-1.webp","search","File:Georgia in its region (de-facto).svg","https://upload.wikimedia.org/wikipedia/commons/6/68/Georgia_in_its_region_%28de-facto%29.svg","298","168"
"Eritrea","_cotw-map-er-1.webp","exact","File:Eritrea in its region.svg","https://upload.wikimedia.org/wikipedia/commons/a/a3/Eritrea_in_its_region.svg","411","231"
"Mongolia","_cotw-map-mn-1.webp","exact","File:Mongolia in its region.svg","https://upload.wikimedia.org/wikipedia/commons/d/d6/Mongolia_in_its_region.svg","641","355"
"Uruguay","_cotw-map-uy-1.webp","exact","File:Uruguay in its region.svg","https://upload.wikimedia.org/wikipedia/commons/d/dc/Uruguay_in_its_region.svg","767","431"
"Puerto Rico","_cotw-map-pr-1.webp","exact","File:Puerto Rico in its region.svg","https://upload.wikimedia.org/wikipedia/commons/0/03/Puerto_Rico_in_its_region.svg","351","197"
"Bosnia and Herzegovina","_cotw-map-ba-1.webp","exact","File:Bosnia and Herzegovina in its region.svg","https://upload.wikimedia.org/wikipedia/commons/b/b4/Bosnia_and_Herzegovina_in_its_region.svg","289","163"
"Qatar","_cotw-map-qa-1.webp","exact","File:Qatar in its region.svg","https://upload.wikimedia.org/wikipedia/commons/5/55/Qatar_in_its_region.svg","345","191"
"Namibia","_cotw-map-na-1.webp","exact","File:Namibia in its region.svg","https://upload.wikimedia.org/wikipedia/commons/9/92/Namibia_in_its_region.svg","620","394"
"Moldova","_cotw-map-md-1.webp","exact","File:Moldova in its region.svg","https://upload.wikimedia.org/wikipedia/commons/8/8a/Moldova_in_its_region.svg","289","163"
"Armenia","_cotw-map-am-1.webp","exact","File:Armenia in its region.svg","https://upload.wikimedia.org/wikipedia/commons/e/e9/Armenia_in_its_region.svg","409","230"
"Jamaica","_cotw-map-jm-1.webp","exact","File:Jamaica in its region.svg","https://upload.wikimedia.org/wikipedia/commons/a/ac/Jamaica_in_its_region.svg","351","197"
"Lithuania","_cotw-map-lt-1.webp","exact","File:Lithuania in its region.svg","https://upload.wikimedia.org/wikipedia/commons/1/11/Lithuania_in_its_region.svg","396","223"
"Gambia","_cotw-map-gm-1.webp","exact","File:Gambia in its region.svg","https://upload.wikimedia.org/wikipedia/commons/0/0d/Gambia_in_its_region.svg","336","189"
"Albania","_cotw-map-al-1.webp","exact","File:Albania in its region.svg","https://upload.wikimedia.org/wikipedia/commons/c/cc/Albania_in_its_region.svg","252","142"
"Gabon","_cotw-map-ga-1.webp","exact","File:Gabon in its region.svg","https://upload.wikimedia.org/wikipedia/commons/4/47/Gabon_in_its_region.svg","376","212"
"Botswana","_cotw-map-bw-1.webp","exact","File:Botswana in its region.svg","https://upload.wikimedia.org/wikipedia/commons/1/1a/Botswana_in_its_region.svg","515","290"
"Lesotho","_cotw-map-ls-1.webp","exact","File:Lesotho in its region.svg","https://upload.wikimedia.org/wikipedia/commons/f/fe/Lesotho_in_its_region.svg","470","264"
"Guinea-Bissau","_cotw-map-gw-1.webp","exact","File:Guinea-Bissau in its region.svg","https://upload.wikimedia.org/wikipedia/commons/2/25/Guinea-Bissau_in_its_region.svg","367","207"
"Slovenia","_cotw-map-si-1.webp","exact","File:Slovenia in its region.svg","https://upload.wikimedia.org/wikipedia/commons/7/71/Slovenia_in_its_region.svg","396","223"
"Equatorial Guinea","_cotw-map-gq-1.webp","exact","File:Equatorial Guinea in its region.svg","https://upload.wikimedia.org/wikipedia/commons/5/51/Equatorial_Guinea_in_its_region.svg","343","193"
"Latvia","_cotw-map-lv-1.webp","exact","File:Latvia in its region.svg","https://upload.wikimedia.org/wikipedia/commons/d/d5/Latvia_in_its_region.svg","396","223"
"North Macedonia","_cotw-map-mk-1.webp","search","File:Macedonia in its region.svg","https://upload.wikimedia.org/wikipedia/commons/1/1e/Macedonia_in_its_region.svg","289","163"
"Bahrain","_cotw-map-bh-1.webp","exact","File:Bahrain in its region.svg","https://upload.wikimedia.org/wikipedia/commons/f/f7/Bahrain_in_its_region.svg","254","143"
"Trinidad and Tobago","_cotw-map-tt-1.webp","exact","File:Trinidad and Tobago in its region.svg","https://upload.wikimedia.org/wikipedia/commons/c/cd/Trinidad_and_Tobago_in_its_region.svg","351","197"
"Timor-Leste","_cotw-map-tl-1.webp","search","File:East Timor in its region.svg","https://upload.wikimedia.org/wikipedia/commons/2/21/East_Timor_in_its_region.svg","397","220"
"Cyprus","_cotw-map-cy-1.webp","search","File:Cyprus in its region (de-facto).svg","https://upload.wikimedia.org/wikipedia/commons/6/61/Cyprus_in_its_region_%28de-facto%29.svg","298","168"
"Estonia","_cotw-map-ee-1.webp","exact","File:Estonia in its region.svg","https://upload.wikimedia.org/wikipedia/commons/b/b3/Estonia_in_its_region.svg","396","223"
"Mauritius","_cotw-map-mu-1.webp","exact","File:Mauritius in its region.svg","https://upload.wikimedia.org/wikipedia/commons/8/84/Mauritius_in_its_region.svg","620","394"
"Eswatini","_cotw-map-sz-1.webp","exact","File:Eswatini in its region.svg","https://upload.wikimedia.org/wikipedia/commons/7/73/Eswatini_in_its_region.svg","470","264"
"Djibouti","_cotw-map-dj-1.webp","exact","File:Djibouti in its region.svg","https://upload.wikimedia.org/wikipedia/commons/8/85/Djibouti_in_its_region.svg","343","193"
"Fiji","_cotw-map-fj-1.webp","exact","File:Fiji in its region.svg","https://upload.wikimedia.org/wikipedia/commons/2/2c/Fiji_in_its_region.svg","2386","1342"
"Comoros","_cotw-map-km-1.webp","exact","File:Comoros in its region.svg","https://upload.wikimedia.org/wikipedia/commons/a/ab/Comoros_in_its_region.svg","522","294"
"Reunion","_cotw-map-re-1.webp","exact","File:Reunion in its region.svg","https://upload.wikimedia.org/wikipedia/commons/3/30/Reunion_in_its_region.svg","623","350"
"Solomon Islands","_cotw-map-sb-1.webp","exact","File:Solomon Islands in its region.svg","https://upload.wikimedia.org/wikipedia/commons/f/f4/Solomon_Islands_in_its_region.svg","1732","974"
"Guyana","_cotw-map-gy-1.webp","exact","File:Guyana in its region.svg","https://upload.wikimedia.org/wikipedia/commons/1/18/Guyana_in_its_region.svg","882","496"
"Bhutan","_cotw-map-bt-1.webp","exact","File:Bhutan in its region.svg","https://upload.wikimedia.org/wikipedia/commons/d/df/Bhutan_in_its_region.svg","372","209"
"Macau","_cotw-map-mo-1.webp","exact","File:Macau in its region.svg","https://upload.wikimedia.org/wikipedia/commons/d/d1/Macau_in_its_region.svg","406","225"
"Luxembourg","_cotw-map-lu-1.webp","exact","File:Luxembourg in its region.svg","https://upload.wikimedia.org/wikipedia/commons/f/ff/Luxembourg_in_its_region.svg","240","135"
"Suriname","_cotw-map-sr-1.webp","exact","File:Suriname in its region.svg","https://upload.wikimedia.org/wikipedia/commons/d/d8/Suriname_in_its_region.svg","732","412"
"Montenegro","_cotw-map-me-1.webp","exact","File:Montenegro in its region.svg","https://upload.wikimedia.org/wikipedia/commons/1/19/Montenegro_in_its_region.svg","289","163"
"Western Sahara","_cotw-map-eh-1.webp","search","File:Sahrawi Arab Democratic Republic in its region (claimed).svg","https://upload.wikimedia.org/wikipedia/commons/a/a1/Sahrawi_Arab_Democratic_Republic_in_its_region_%28claimed%29.svg","620","394"
"Malta","_cotw-map-mt-1.webp","exact","File:Malta in its region.svg","https://upload.wikimedia.org/wikipedia/commons/1/13/Malta_in_its_region.svg","215","121"
"Maldives","_cotw-map-mv-1.webp","exact","File:Maldives in its region.svg","https://upload.wikimedia.org/wikipedia/commons/2/2a/Maldives_in_its_region.svg","483","267"
"Cape Verde","_cotw-map-cv-1.webp","exact","File:Cape Verde in its region.svg","https://upload.wikimedia.org/wikipedia/commons/6/64/Cape_Verde_in_its_region.svg","490","276"
"Brunei","_cotw-map-bn-1.webp","exact","File:Brunei in its region.svg","https://upload.wikimedia.org/wikipedia/commons/2/2c/Brunei_in_its_region.svg","344","193"
"Belize","_cotw-map-bz-1.webp","exact","File:Belize in its region.svg","https://upload.wikimedia.org/wikipedia/commons/9/98/Belize_in_its_region.svg","472","265"
"Bahamas","_cotw-map-bs-1.webp","exact","File:Bahamas in its region.svg","https://upload.wikimedia.org/wikipedia/commons/f/f4/Bahamas_in_its_region.svg","351","197"
"Iceland","_cotw-map-is-1.webp","exact","File:Iceland in its region.svg","https://upload.wikimedia.org/wikipedia/commons/7/7b/Iceland_in_its_region.svg","574","323"
"Guadeloupe","_cotw-map-gp-1.webp","exact","File:Guadeloupe in its region.svg","https://upload.wikimedia.org/wikipedia/commons/5/5f/Guadeloupe_in_its_region.svg","351","197"
"Martinique","_cotw-map-mq-1.webp","exact","File:Martinique in its region.svg","https://upload.wikimedia.org/wikipedia/commons/3/3f/Martinique_in_its_region.svg","351","197"
"Mayotte","_cotw-map-yt-1.webp","exact","File:Mayotte in its region.svg","https://upload.wikimedia.org/wikipedia/commons/0/05/Mayotte_in_its_region.svg","623","350"
"Vanuatu","_cotw-map-vu-1.webp","exact","File:Vanuatu in its region.svg","https://upload.wikimedia.org/wikipedia/commons/f/fb/Vanuatu_in_its_region.svg","2073","1166"
"French Guiana","_cotw-map-gf-1.webp","exact","File:French Guiana in its region.svg","https://upload.wikimedia.org/wikipedia/commons/6/6d/French_Guiana_in_its_region.svg","732","412"
"New Caledonia","_cotw-map-nc-1.webp","exact","File:New Caledonia in its region.svg","https://upload.wikimedia.org/wikipedia/commons/a/a6/New_Caledonia_in_its_region.svg","2200","1238"
"Barbados","_cotw-map-bb-1.webp","exact","File:Barbados in its region.svg","https://upload.wikimedia.org/wikipedia/commons/d/d8/Barbados_in_its_region.svg","351","197"
"French Polynesia","_cotw-map-pf-1.webp","exact","File:French Polynesia in its region.svg","https://upload.wikimedia.org/wikipedia/commons/2/24/French_Polynesia_in_its_region.svg","2870","1614"
"Sao Tome and Principe","_cotw-map-st-1.webp","exact","File:Sao Tome and Principe in its region.svg","https://upload.wikimedia.org/wikipedia/commons/a/a2/Sao_Tome_and_Principe_in_its_region.svg","290","184"
"Samoa","_cotw-map-ws-1.webp","exact","File:Samoa in its region.svg","https://upload.wikimedia.org/wikipedia/commons/4/48/Samoa_in_its_region.svg","1732","974"
"Curacao","_cotw-map-cw-1.webp","exact","File:Curacao in its region.svg","https://upload.wikimedia.org/wikipedia/commons/2/2b/Curacao_in_its_region.svg","351","197"
"Saint Lucia","_cotw-map-lc-1.webp","exact","File:Saint Lucia in its region.svg","https://upload.wikimedia.org/wikipedia/commons/6/65/Saint_Lucia_in_its_region.svg","351","197"
"Guam","_cotw-map-gu-1.webp","exact","File:Guam in its region.svg","https://upload.wikimedia.org/wikipedia/commons/0/02/Guam_in_its_region.svg","2200","1238"
"Kiribati","_cotw-map-ki-1.webp","exact","File:Kiribati in its region.svg","https://upload.wikimedia.org/wikipedia/commons/1/11/Kiribati_in_its_region.svg","2386","1342"
"Seychelles","_cotw-map-sc-1.webp","exact","File:Seychelles in its region.svg","https://upload.wikimedia.org/wikipedia/commons/7/72/Seychelles_in_its_region.svg","393","249"
"Grenada","_cotw-map-gd-1.webp","exact","File:Grenada in its region.svg","https://upload.wikimedia.org/wikipedia/commons/5/53/Grenada_in_its_region.svg","351","197"
"Micronesia","_cotw-map-fm-1.webp","exact","File:Micronesia in its region.svg","https://upload.wikimedia.org/wikipedia/commons/8/80/Micronesia_in_its_region.svg","1732","974"
"Aruba","_cotw-map-aw-1.webp","exact","File:Aruba in its region.svg","https://upload.wikimedia.org/wikipedia/commons/8/8d/Aruba_in_its_region.svg","351","197"
"Jersey","_cotw-map-je-1.webp","exact","File:Jersey in its region.svg","https://upload.wikimedia.org/wikipedia/commons/3/3b/Jersey_in_its_region.svg","383","216"
"Tonga","_cotw-map-to-1.webp","exact","File:Tonga in its region.svg","https://upload.wikimedia.org/wikipedia/commons/7/79/Tonga_in_its_region.svg","1902","1070"
"Saint Vincent and the Grenadines","_cotw-map-vc-1.webp","exact","File:Saint Vincent and the Grenadines in its region.svg","https://upload.wikimedia.org/wikipedia/commons/f/fb/Saint_Vincent_and_the_Grenadines_in_its_region.svg","351","197"
"Antigua and Barbuda","_cotw-map-ag-1.webp","exact","File:Antigua and Barbuda in its region.svg","https://upload.wikimedia.org/wikipedia/commons/e/eb/Antigua_and_Barbuda_in_its_region.svg","351","197"
